# Case 2 -- keep-latest-N only, two workflows. Reference time is 2026-07-01T00:00:00Z.
# Policy: --keep-latest 2 (age/size disabled, so keep-latest independently
# deletes anything beyond the per-workflow cutoff)
# ci-build: keeps ci-e (06-30) and ci-d (06-25); drops ci-a/ci-b/ci-c
# nightly-release: keeps nr-c (06-28) and nr-b (06-20); drops nr-a
# Expected: total=8 retained=4 deleted=4 reclaimed_bytes=7000000 retained_bytes=10000000
name,size_bytes,created_date,workflow,run_id
ci-a,1000000,2026-06-01T00:00:00Z,ci-build,1
ci-b,1000000,2026-06-10T00:00:00Z,ci-build,2
ci-c,1000000,2026-06-20T00:00:00Z,ci-build,3
ci-d,1000000,2026-06-25T00:00:00Z,ci-build,4
ci-e,1000000,2026-06-30T00:00:00Z,ci-build,5
nr-a,4000000,2026-06-15T00:00:00Z,nightly-release,6
nr-b,4000000,2026-06-20T00:00:00Z,nightly-release,7
nr-c,4000000,2026-06-28T00:00:00Z,nightly-release,8
